First_Name__c,Last_Name__c,Name
Andrew,Moran,Andrew Moran
Tyler,Jones,Tyler Jones
Jacob,Pesicka,Jacob Pesicka
Alonso,Maciel,Alonso Maciel
Matt,Diamond,Matt Diamond
Heather,Hackett,Heather Hackett
Preston,Lee,Preston Lee
Robert,Wilson,Robert Wilson
Alec,Bucklen,Alec Bucklen
Michael,Madsen,Michael Madsen
Washington,Ibarra,Washington Ibarra
Angie,Larson,Angie Larson
Mary,Candidate,Mary Candidate
Christopher,Candidate,Christopher Candidate
Vanina,Candidate,Vanina Candidate
Cassandra,Candidate,Cassandra Candidate
